speed,angle,IMG/image
0.00909098237753,0.0,IMG/image3.jpg
0.310511052608,0.0,IMG/image4.jpg
0.310511052608,0.0,IMG/image5.jpg
0.381885796785,0.0,IMG/image6.jpg
0.381885796785,0.0,IMG/image7.jpg
0.381885796785,0.0,IMG/image8.jpg
0.383871138096,-0.0224342420697,IMG/image9.jpg
0.385856449604,-0.032261248678,IMG/image10.jpg
0.385856449604,-0.032261248678,IMG/image11.jpg
0.385856449604,-0.032261248678,IMG/image12.jpg
0.385856449604,-0.032261248678,IMG/image13.jpg
0.385856449604,-0.032261248678,IMG/image14.jpg
0.385856449604,-0.032261248678,IMG/image15.jpg
0.373963832855,-0.0264589712024,IMG/image16.jpg
0.373963832855,-0.0264589712024,IMG/image17.jpg
0.369993239641,-0.0474343895912,IMG/image18.jpg
0.369993239641,-0.126146167517,IMG/image19.jpg
0.369993239641,-0.126146167517,IMG/image20.jpg
0.369993239641,-0.397787898779,IMG/image21.jpg
0.369993239641,-0.397787898779,IMG/image22.jpg
0.371978551149,-0.366312593222,IMG/image23.jpg
0.369993239641,-0.0611753389239,IMG/image24.jpg
0.369993239641,-0.0611753389239,IMG/image25.jpg
0.371978551149,-0.0266001187265,IMG/image26.jpg
0.371978551149,-0.0266001187265,IMG/image27.jpg
0.371978551149,-0.0266001187265,IMG/image28.jpg
0.369993239641,-0.01640333049,IMG/image29.jpg
0.369993239641,-0.01640333049,IMG/image30.jpg
0.369993239641,-0.01640333049,IMG/image31.jpg
0.369993239641,-0.01640333049,IMG/image32.jpg
0.369993239641,-0.01640333049,IMG/image33.jpg
0.369993239641,-0.01640333049,IMG/image34.jpg
0.369993239641,-0.01640333049,IMG/image35.jpg
0.369993239641,-0.01640333049,IMG/image36.jpg
0.369993239641,-0.01640333049,IMG/image37.jpg
0.369993239641,-0.01640333049,IMG/image38.jpg
0.369993239641,-0.01640333049,IMG/image39.jpg
0.369993239641,-0.01640333049,IMG/image40.jpg
0.369993239641,-0.01640333049,IMG/image41.jpg
0.369993239641,-0.01640333049,IMG/image42.jpg
0.369993239641,-0.01640333049,IMG/image43.jpg
0.369993239641,-0.01640333049,IMG/image44.jpg
0.369993239641,-0.01640333049,IMG/image45.jpg
0.369993239641,-0.01640333049,IMG/image46.jpg
0.369993239641,-0.01640333049,IMG/image47.jpg
0.356115341187,-0.00986766815186,IMG/image48.jpg
0.356115341187,-0.00986766815186,IMG/image49.jpg
0.356115341187,-0.00986766815186,IMG/image50.jpg
0.356115341187,-0.00986766815186,IMG/image51.jpg
0.356115341187,-0.00986766815186,IMG/image52.jpg
0.356115341187,-0.00986766815186,IMG/image53.jpg
0.405690252781,-0.00236292765476,IMG/image54.jpg
0.405690252781,-0.00236292765476,IMG/image55.jpg
0.405690252781,-0.00236292765476,IMG/image56.jpg
0.405690252781,-0.00236292765476,IMG/image57.jpg
0.405690252781,-0.00236292765476,IMG/image58.jpg
0.405690252781,-0.00236292765476,IMG/image59.jpg
0.405690252781,-0.00236292765476,IMG/image60.jpg
0.405690252781,-0.00236292765476,IMG/image61.jpg
0.405690252781,-0.00236292765476,IMG/image62.jpg
0.405690252781,0.0,IMG/image63.jpg
0.405690252781,0.0,IMG/image64.jpg
0.405690252781,0.0,IMG/image65.jpg
0.405690252781,0.0,IMG/image66.jpg
0.405690252781,0.0,IMG/image67.jpg
0.405690252781,0.0,IMG/image68.jpg
0.405690252781,0.0,IMG/image69.jpg
0.405690252781,0.0,IMG/image70.jpg
0.405690252781,0.0,IMG/image71.jpg
0.354130059481,0.0,IMG/image72.jpg
0.354130059481,0.0,IMG/image73.jpg
0.324388921261,0.0,IMG/image74.jpg
0.324388921261,0.0,IMG/image75.jpg
0.324388921261,0.0,IMG/image76.jpg
0.346188783646,0.0,IMG/image77.jpg
0.35214471817,0.0,IMG/image78.jpg
0.35214471817,0.0,IMG/image79.jpg
0.358100652695,0.0,IMG/image80.jpg
0.358100652695,0.0,IMG/image81.jpg
0.358100652695,0.0,IMG/image82.jpg
0.369993239641,0.0,IMG/image83.jpg
0.369993239641,0.0,IMG/image84.jpg
0.369993239641,0.0,IMG/image85.jpg
0.381885796785,0.0,IMG/image86.jpg
0.385856449604,0.00578042026609,IMG/image87.jpg
0.385856449604,0.00578042026609,IMG/image88.jpg
0.385856449604,0.0157290752977,IMG/image89.jpg
0.385856449604,0.00578042026609,IMG/image90.jpg
0.385856449604,0.00578042026609,IMG/image91.jpg
0.385856449604,0.00578042026609,IMG/image92.jpg
0.399734318256,0.00239813444205,IMG/image93.jpg
0.399734318256,0.00239813444205,IMG/image94.jpg
0.441387295723,0.162725538015,IMG/image95.jpg
0.441387295723,0.162725538015,IMG/image96.jpg
0.441387295723,0.179590478539,IMG/image97.jpg
0.441387295723,0.140120834112,IMG/image98.jpg
0.441387295723,0.123051024973,IMG/image99.jpg
0.441387295723,0.123051024973,IMG/image100.jpg
0.441387295723,0.10593546927,IMG/image101.jpg
0.441387295723,0.0887306779623,IMG/image102.jpg
0.441387295723,0.0887306779623,IMG/image103.jpg
0.441387295723,0.0887306779623,IMG/image104.jpg
0.401719629765,0.0722070112824,IMG/image105.jpg
0.401719629765,0.0722070112824,IMG/image106.jpg
0.401719629765,0.0690273940563,IMG/image107.jpg
0.401719629765,0.0690273940563,IMG/image108.jpg
0.401719629765,0.0690273940563,IMG/image109.jpg
0.401719629765,0.0690273940563,IMG/image110.jpg
0.401719629765,0.0690273940563,IMG/image111.jpg
0.401719629765,0.0690273940563,IMG/image112.jpg
0.401719629765,0.0690273940563,IMG/image113.jpg
0.401719629765,0.0690273940563,IMG/image114.jpg
0.401719629765,0.00555216660723,IMG/image115.jpg
0.401719629765,0.0,IMG/image116.jpg
0.401719629765,0.0,IMG/image117.jpg
0.401719629765,0.0,IMG/image118.jpg
0.401719629765,0.0,IMG/image119.jpg
0.401719629765,0.0,IMG/image120.jpg
0.399734318256,0.0,IMG/image121.jpg
0.399734318256,0.0,IMG/image122.jpg
0.399734318256,0.0,IMG/image123.jpg
0.399734318256,0.0,IMG/image124.jpg
0.401719629765,0.027795381844,IMG/image125.jpg
0.401719629765,0.027795381844,IMG/image126.jpg
0.399734318256,0.0662020668387,IMG/image127.jpg
0.399734318256,0.0662020668387,IMG/image128.jpg
0.399734318256,0.148253396153,IMG/image129.jpg
0.401719629765,0.156839713454,IMG/image130.jpg
0.401719629765,0.156839713454,IMG/image131.jpg
0.401719629765,0.156839713454,IMG/image132.jpg
0.407675564289,0.157657667994,IMG/image133.jpg
0.419568151236,0.153259515762,IMG/image134.jpg
0.419568151236,0.153259515762,IMG/image135.jpg
0.439401954412,0.143581956625,IMG/image136.jpg
0.439401954412,0.143581956625,IMG/image137.jpg
0.439401954412,0.143581956625,IMG/image138.jpg
0.439401954412,0.143581956625,IMG/image139.jpg
0.445338606834,0.141693592072,IMG/image140.jpg
0.445338606834,0.141693592072,IMG/image141.jpg
0.445338606834,0.141693592072,IMG/image142.jpg
0.445338606834,0.141693592072,IMG/image143.jpg
0.445338606834,0.141693592072,IMG/image144.jpg
0.445338606834,0.141693592072,IMG/image145.jpg
0.445338606834,0.141693592072,IMG/image146.jpg
0.445338606834,0.141693592072,IMG/image147.jpg
0.445338606834,0.141693592072,IMG/image148.jpg
0.445338606834,0.141693592072,IMG/image149.jpg
0.445338606834,0.141693592072,IMG/image150.jpg
0.445338606834,0.141693592072,IMG/image151.jpg
0.445338606834,0.141693592072,IMG/image152.jpg
0.445338606834,0.141693592072,IMG/image153.jpg
0.445338606834,0.141693592072,IMG/image154.jpg
0.445338606834,0.141693592072,IMG/image155.jpg
0.445338606834,0.141693592072,IMG/image156.jpg
0.445338606834,0.141693592072,IMG/image157.jpg
0.445338606834,0.141693592072,IMG/image158.jpg
0.445338606834,0.141693592072,IMG/image159.jpg
0.445338606834,0.141693592072,IMG/image160.jpg
0.449309229851,0.203884586692,IMG/image161.jpg
0.449309229851,0.203884586692,IMG/image162.jpg
0.449309229851,0.228288501501,IMG/image163.jpg
0.4612018466,0.219972014427,IMG/image164.jpg
0.4612018466,0.219972014427,IMG/image165.jpg
0.4612018466,0.219972014427,IMG/image166.jpg
0.465172439814,0.215521737933,IMG/image167.jpg
0.465172439814,0.215521737933,IMG/image168.jpg
0.465172439814,0.215521737933,IMG/image169.jpg
0.479050338268,0.209461763501,IMG/image170.jpg
0.479050338268,0.209461763501,IMG/image171.jpg
0.479050338268,0.209461763501,IMG/image172.jpg
0.479050338268,0.209461763501,IMG/image173.jpg
0.479050338268,0.209461763501,IMG/image174.jpg
0.479050338268,0.209461763501,IMG/image175.jpg
0.479050338268,0.209461763501,IMG/image176.jpg
0.479050338268,0.209461763501,IMG/image177.jpg
0.479050338268,0.209461763501,IMG/image178.jpg
0.479050338268,0.209461763501,IMG/image179.jpg
0.479050338268,0.209461763501,IMG/image180.jpg
0.479050338268,0.209461763501,IMG/image181.jpg
0.481035619974,0.216248527169,IMG/image182.jpg
0.481035619974,0.216248527169,IMG/image183.jpg
0.481035619974,0.216248527169,IMG/image184.jpg
0.481035619974,0.216248527169,IMG/image185.jpg
0.481035619974,0.216248527169,IMG/image186.jpg
0.481035619974,0.216248527169,IMG/image187.jpg
0.481035619974,0.216248527169,IMG/image188.jpg
0.481035619974,0.216248527169,IMG/image189.jpg
0.481035619974,0.216248527169,IMG/image190.jpg
0.481035619974,0.216248527169,IMG/image191.jpg
0.481035619974,0.216248527169,IMG/image192.jpg
0.481035619974,0.216248527169,IMG/image193.jpg
0.481035619974,0.216248527169,IMG/image194.jpg
0.481035619974,0.216248527169,IMG/image195.jpg
0.481035619974,0.216248527169,IMG/image196.jpg
0.481035619974,0.15212932229,IMG/image197.jpg
0.481035619974,0.15212932229,IMG/image198.jpg
0.481035619974,0.15212932229,IMG/image199.jpg
0.481035619974,0.136521711946,IMG/image200.jpg
0.481035619974,0.136521711946,IMG/image201.jpg
0.481035619974,0.118240565062,IMG/image202.jpg
0.481035619974,0.118240565062,IMG/image203.jpg
0.481035619974,0.118240565062,IMG/image204.jpg
0.481035619974,0.118240565062,IMG/image205.jpg
0.451294541359,0.123178511858,IMG/image206.jpg
0.451294541359,0.123178511858,IMG/image207.jpg
0.441387295723,0.125914528966,IMG/image208.jpg
0.441387295723,0.0829835161567,IMG/image209.jpg
0.441387295723,0.0829835161567,IMG/image210.jpg
0.441387295723,0.0252985171974,IMG/image211.jpg
0.441387295723,0.0,IMG/image212.jpg
0.441387295723,0.0,IMG/image213.jpg
0.441387295723,0.0,IMG/image214.jpg
0.441387295723,0.0,IMG/image215.jpg
0.441387295723,0.0,IMG/image216.jpg
0.441387295723,0.0,IMG/image217.jpg
0.441387295723,0.0,IMG/image218.jpg
0.441387295723,0.0252985171974,IMG/image219.jpg
0.441387295723,0.0628409981728,IMG/image220.jpg
0.441387295723,0.065737336874,IMG/image221.jpg
0.441387295723,0.065737336874,IMG/image222.jpg
0.441387295723,0.108783788979,IMG/image223.jpg
0.441387295723,0.108783788979,IMG/image224.jpg
0.441387295723,0.125914528966,IMG/image225.jpg
0.441387295723,0.232241258025,IMG/image226.jpg
0.441387295723,0.232241258025,IMG/image227.jpg
0.441387295723,0.232241258025,IMG/image228.jpg
0.441387295723,0.232241258025,IMG/image229.jpg
0.441387295723,0.232241258025,IMG/image230.jpg
0.443353295326,0.131031870842,IMG/image231.jpg
0.441387295723,0.123051024973,IMG/image232.jpg
0.441387295723,0.123051024973,IMG/image233.jpg
0.441387295723,0.123051024973,IMG/image234.jpg
0.441387295723,0.123051024973,IMG/image235.jpg
0.441387295723,0.123051024973,IMG/image236.jpg
0.441387295723,0.123051024973,IMG/image237.jpg
0.441387295723,0.123051024973,IMG/image238.jpg
0.441387295723,0.123051024973,IMG/image239.jpg
0.441387295723,0.123051024973,IMG/image240.jpg
0.441387295723,0.123051024973,IMG/image241.jpg
0.441387295723,0.123051024973,IMG/image242.jpg
0.441387295723,0.123051024973,IMG/image243.jpg
0.441387295723,0.123051024973,IMG/image244.jpg
0.441387295723,0.123051024973,IMG/image245.jpg
0.441387295723,0.1316087991,IMG/image246.jpg
0.443353295326,0.142319574952,IMG/image247.jpg
0.443353295326,0.142319574952,IMG/image248.jpg
0.443353295326,0.15922126174,IMG/image249.jpg
0.441387295723,0.179590478539,IMG/image250.jpg
0.441387295723,0.179590478539,IMG/image251.jpg
0.441387295723,0.232241258025,IMG/image252.jpg
0.441387295723,0.240436986089,IMG/image253.jpg
0.441387295723,0.240436986089,IMG/image254.jpg
0.443353295326,0.255664825439,IMG/image255.jpg
0.443353295326,0.263728260994,IMG/image256.jpg
0.443353295326,0.263728260994,IMG/image257.jpg
0.443353295326,0.26642498374,IMG/image258.jpg
0.447323948145,0.27741676569,IMG/image259.jpg
0.447323948145,0.27741676569,IMG/image260.jpg
0.447323948145,0.359746158123,IMG/image261.jpg
0.449309229851,0.392720341682,IMG/image262.jpg
0.449309229851,0.392720341682,IMG/image263.jpg
0.449309229851,0.392720341682,IMG/image264.jpg
0.449309229851,0.392720341682,IMG/image265.jpg
0.449309229851,0.392720341682,IMG/image266.jpg
0.449309229851,0.392720341682,IMG/image267.jpg
0.449309229851,0.392720341682,IMG/image268.jpg
0.449309229851,0.392720341682,IMG/image269.jpg
0.449309229851,0.392720341682,IMG/image270.jpg
0.449309229851,0.392720341682,IMG/image271.jpg
0.449309229851,0.392720341682,IMG/image272.jpg
0.449309229851,0.392720341682,IMG/image273.jpg
0.449309229851,0.392720341682,IMG/image274.jpg
0.449309229851,0.392720341682,IMG/image275.jpg
0.449309229851,0.392720341682,IMG/image276.jpg
0.449309229851,0.397565186024,IMG/image277.jpg
0.449309229851,0.397565186024,IMG/image278.jpg
0.449309229851,0.397565186024,IMG/image279.jpg
0.445338606834,0.398297339678,IMG/image280.jpg
0.445338606834,0.398297339678,IMG/image281.jpg
0.417582809925,0.372429698706,IMG/image282.jpg
0.401719629765,0.184623613954,IMG/image283.jpg
0.401719629765,0.184623613954,IMG/image284.jpg
0.399734318256,0.141994088888,IMG/image285.jpg
0.401719629765,0.12569463253,IMG/image286.jpg
0.401719629765,0.12569463253,IMG/image287.jpg
0.399734318256,0.116878531873,IMG/image288.jpg
0.399734318256,0.126312300563,IMG/image289.jpg
0.399734318256,0.126312300563,IMG/image290.jpg
0.399734318256,0.255448043346,IMG/image291.jpg
0.399734318256,0.264390289783,IMG/image292.jpg
0.399734318256,0.264390289783,IMG/image293.jpg
0.399734318256,0.264390289783,IMG/image294.jpg
0.399734318256,0.264390289783,IMG/image295.jpg
0.399734318256,0.264390289783,IMG/image296.jpg
0.399734318256,0.264390289783,IMG/image297.jpg
0.399734318256,0.264390289783,IMG/image298.jpg
0.399734318256,0.264390289783,IMG/image299.jpg
0.399734318256,0.264390289783,IMG/image300.jpg
0.399734318256,0.264390289783,IMG/image301.jpg
0.399734318256,0.264390289783,IMG/image302.jpg
0.399734318256,0.264390289783,IMG/image303.jpg
0.399734318256,0.264390289783,IMG/image304.jpg
0.399734318256,0.264390289783,IMG/image305.jpg
0.399734318256,0.264390289783,IMG/image306.jpg
0.399734318256,0.264390289783,IMG/image307.jpg
0.399734318256,0.264390289783,IMG/image308.jpg
0.399734318256,0.264390289783,IMG/image309.jpg
0.399734318256,0.264390289783,IMG/image310.jpg
0.399734318256,0.264390289783,IMG/image311.jpg
0.399734318256,0.264390289783,IMG/image312.jpg
0.399734318256,0.264390289783,IMG/image313.jpg
0.399734318256,0.264390289783,IMG/image314.jpg
0.399734318256,0.264390289783,IMG/image315.jpg
0.399734318256,0.264390289783,IMG/image316.jpg
0.399734318256,0.264390289783,IMG/image317.jpg
0.399734318256,0.264390289783,IMG/image318.jpg
0.399734318256,0.264390289783,IMG/image319.jpg
0.399734318256,0.264390289783,IMG/image320.jpg
0.399734318256,0.264390289783,IMG/image321.jpg
0.399734318256,0.264390289783,IMG/image322.jpg
0.399734318256,0.264390289783,IMG/image323.jpg
0.399734318256,0.264390289783,IMG/image324.jpg
0.399734318256,0.264390289783,IMG/image325.jpg
0.399734318256,0.264390289783,IMG/image326.jpg
0.399734318256,0.264390289783,IMG/image327.jpg
0.399734318256,0.264390289783,IMG/image328.jpg
0.399734318256,0.264390289783,IMG/image329.jpg
0.399734318256,0.264390289783,IMG/image330.jpg
0.399734318256,0.264390289783,IMG/image331.jpg
0.399734318256,0.264390289783,IMG/image332.jpg
0.399734318256,0.207029178739,IMG/image333.jpg
0.399734318256,0.207029178739,IMG/image334.jpg
0.399734318256,0.207029178739,IMG/image335.jpg
0.399734318256,0.203980028629,IMG/image336.jpg
0.399734318256,0.203980028629,IMG/image337.jpg
0.373963832855,0.214335501194,IMG/image338.jpg
0.375949174166,0.170715123415,IMG/image339.jpg
0.375949174166,0.170715123415,IMG/image340.jpg
0.373963832855,0.151634529233,IMG/image341.jpg
0.373963832855,0.151634529233,IMG/image342.jpg
0.373963832855,0.151634529233,IMG/image343.jpg
0.358100652695,0.0986463576555,IMG/image344.jpg
0.348174124956,0.0174310803413,IMG/image345.jpg
0.348174124956,0.0174310803413,IMG/image346.jpg
0.346188783646,0.0,IMG/image347.jpg
0.33628153801,0.0,IMG/image348.jpg
0.33628153801,0.0,IMG/image349.jpg
0.334296226501,-0.135717764497,IMG/image350.jpg
0.334296226501,-0.176721170545,IMG/image351.jpg
0.334296226501,-0.176721170545,IMG/image352.jpg
0.334296226501,-0.176721170545,IMG/image353.jpg
0.334296226501,-0.176721170545,IMG/image354.jpg
0.334296226501,-0.176721170545,IMG/image355.jpg
0.334296226501,-0.10182145983,IMG/image356.jpg
0.33628153801,-0.0710895210505,IMG/image357.jpg
0.33628153801,-0.0710895210505,IMG/image358.jpg
0.368007957935,0.0,IMG/image359.jpg
0.385856449604,0.0,IMG/image360.jpg
0.385856449604,0.0,IMG/image361.jpg
0.385856449604,0.0,IMG/image362.jpg
0.385856449604,0.0,IMG/image363.jpg
0.385856449604,0.0,IMG/image364.jpg
0.39576369524,-0.0475566498935,IMG/image365.jpg
0.401719629765,-0.0531981438398,IMG/image366.jpg
0.401719629765,-0.0531981438398,IMG/image367.jpg
0.401719629765,-0.0626935139298,IMG/image368.jpg
0.413612216711,-0.0762546434999,IMG/image369.jpg
0.413612216711,-0.0762546434999,IMG/image370.jpg
0.427490115166,-0.121122635901,IMG/image371.jpg
0.441387295723,-0.134439513087,IMG/image372.jpg
0.441387295723,-0.134439513087,IMG/image373.jpg
0.441387295723,-0.134439513087,IMG/image374.jpg
0.447323948145,-0.138284981251,IMG/image375.jpg
0.447323948145,-0.138284981251,IMG/image376.jpg
0.447323948145,-0.138284981251,IMG/image377.jpg
0.459216505289,-0.188887938857,IMG/image378.jpg
0.459216505289,-0.188887938857,IMG/image379.jpg
0.4612018466,-0.383568882942,IMG/image380.jpg
0.4612018466,-0.383568882942,IMG/image381.jpg
0.4612018466,-0.383568882942,IMG/image382.jpg
0.4612018466,-0.383568882942,IMG/image383.jpg
0.4612018466,-0.383568882942,IMG/image384.jpg
0.4612018466,-0.383568882942,IMG/image385.jpg
0.465172439814,-0.124925911427,IMG/image386.jpg
0.465172439814,-0.124925911427,IMG/image387.jpg
0.465172439814,-0.0541597045958,IMG/image388.jpg
0.465172439814,-0.0541597045958,IMG/image389.jpg
0.465172439814,-0.0541597045958,IMG/image390.jpg
0.465172439814,-0.0541597045958,IMG/image391.jpg
0.465172439814,-0.0541597045958,IMG/image392.jpg
0.465172439814,-0.0541597045958,IMG/image393.jpg
0.465172439814,-0.0541597045958,IMG/image394.jpg
0.465172439814,-0.0541597045958,IMG/image395.jpg
0.465172439814,-0.0541597045958,IMG/image396.jpg
0.463187128305,-0.0763653367758,IMG/image397.jpg
0.463187128305,-0.120046526194,IMG/image398.jpg
0.463187128305,-0.120046526194,IMG/image399.jpg
0.463187128305,-0.128182888031,IMG/image400.jpg
0.463187128305,-0.128182888031,IMG/image401.jpg
0.463187128305,-0.128182888031,IMG/image402.jpg
0.463187128305,-0.128182888031,IMG/image403.jpg
0.463187128305,-0.128182888031,IMG/image404.jpg
0.463187128305,-0.128182888031,IMG/image405.jpg
0.463187128305,-0.111868806183,IMG/image406.jpg
0.465172439814,-0.0842157006264,IMG/image407.jpg
0.465172439814,-0.0842157006264,IMG/image408.jpg
0.465172439814,-0.0842157006264,IMG/image409.jpg
0.465172439814,-0.0842157006264,IMG/image410.jpg
0.465172439814,-0.0842157006264,IMG/image411.jpg
0.465172439814,-0.0842157006264,IMG/image412.jpg
0.465172439814,-0.0842157006264,IMG/image413.jpg
0.465172439814,-0.0842157006264,IMG/image414.jpg
0.463187128305,-0.0598906353116,IMG/image415.jpg
0.463187128305,-0.051653303206,IMG/image416.jpg
0.463187128305,-0.051653303206,IMG/image417.jpg
0.463187128305,-0.0433833301067,IMG/image418.jpg
0.463187128305,-0.035133048892,IMG/image419.jpg
0.463187128305,-0.035133048892,IMG/image420.jpg
0.463187128305,-0.035133048892,IMG/image421.jpg
0.463187128305,-0.035133048892,IMG/image422.jpg
0.463187128305,-0.035133048892,IMG/image423.jpg
0.463187128305,-0.035133048892,IMG/image424.jpg
0.46914306283,-0.0346873812377,IMG/image425.jpg
0.46914306283,-0.0346873812377,IMG/image426.jpg
0.475079715252,-0.0342542640865,IMG/image427.jpg
0.475079715252,-0.0342542640865,IMG/image428.jpg
0.475079715252,-0.0342542640865,IMG/image429.jpg
0.481035619974,-0.0338304750621,IMG/image430.jpg
0.486991554499,-0.0334170348942,IMG/image431.jpg
0.486991554499,-0.0334170348942,IMG/image432.jpg
0.492928206921,-0.0304373335093,IMG/image433.jpg
0.492928206921,-0.0304373335093,IMG/image434.jpg
0.492928206921,-0.0304373335093,IMG/image435.jpg
0.492928206921,-0.0304373335093,IMG/image436.jpg
0.492928206921,-0.0304373335093,IMG/image437.jpg
0.492928206921,-0.0304373335093,IMG/image438.jpg
0.494913518429,0.0,IMG/image439.jpg
0.496898859739,0.0,IMG/image440.jpg
0.496898859739,0.0,IMG/image441.jpg
0.502854764462,0.0,IMG/image442.jpg
0.502854764462,0.0,IMG/image443.jpg
0.502854764462,0.0,IMG/image444.jpg
0.506825387478,0.0,IMG/image445.jpg
0.50484007597,0.0221198853105,IMG/image446.jpg
0.50484007597,0.0221198853105,IMG/image447.jpg
0.506825387478,0.0597704574466,IMG/image448.jpg
0.508791387081,0.111845448613,IMG/image449.jpg
0.508791387081,0.111845448613,IMG/image450.jpg
0.516732633114,0.134476289153,IMG/image451.jpg
0.518718004227,0.141229823232,IMG/image452.jpg
0.518718004227,0.141229823232,IMG/image453.jpg
0.518718004227,0.148454546928,IMG/image454.jpg
0.518718004227,0.112166814506,IMG/image455.jpg
0.518718004227,0.112166814506,IMG/image456.jpg
0.516732633114,0.0807617902756,IMG/image457.jpg
0.518718004227,0.048578273505,IMG/image458.jpg
0.518718004227,0.048578273505,IMG/image459.jpg
0.516732633114,0.0,IMG/image460.jpg
0.516732633114,0.0,IMG/image461.jpg
0.518718004227,0.0,IMG/image462.jpg
0.518718004227,0.0,IMG/image463.jpg
0.518718004227,0.0,IMG/image464.jpg
0.518718004227,0.0,IMG/image465.jpg
0.516732633114,0.0,IMG/image466.jpg
0.516732633114,0.0,IMG/image467.jpg
0.518718004227,0.00429987721145,IMG/image468.jpg
0.516732633114,0.0463089086115,IMG/image469.jpg
0.516732633114,0.0463089086115,IMG/image470.jpg
0.516732633114,0.0536971800029,IMG/image471.jpg
0.518718004227,0.0559594146907,IMG/image472.jpg
0.518718004227,0.0559594146907,IMG/image473.jpg
0.516732633114,0.0561739653349,IMG/image474.jpg
0.516732633114,0.0561739653349,IMG/image475.jpg
0.516732633114,0.0561739653349,IMG/image476.jpg
0.516732633114,0.0660051852465,IMG/image477.jpg
0.518718004227,0.10485227406,IMG/image478.jpg
0.518718004227,0.10485227406,IMG/image479.jpg
0.518718004227,0.10485227406,IMG/image480.jpg
0.518718004227,0.10485227406,IMG/image481.jpg
0.518718004227,0.10485227406,IMG/image482.jpg
0.518718004227,0.109722390771,IMG/image483.jpg
0.518718004227,0.109722390771,IMG/image484.jpg
0.518718004227,0.109722390771,IMG/image485.jpg
0.518718004227,0.109722390771,IMG/image486.jpg
0.518718004227,0.109722390771,IMG/image487.jpg
0.518718004227,0.109722390771,IMG/image488.jpg
0.518718004227,0.109722390771,IMG/image489.jpg
0.516732633114,0.102817431092,IMG/image490.jpg
0.516732633114,0.102817431092,IMG/image491.jpg
0.518718004227,0.0950972810388,IMG/image492.jpg
0.516732633114,0.0881158858538,IMG/image493.jpg
0.516732633114,0.0881158858538,IMG/image494.jpg
0.516732633114,0.0881158858538,IMG/image495.jpg
0.502854764462,0.0779313966632,IMG/image496.jpg
0.502854764462,0.0779313966632,IMG/image497.jpg
0.496898859739,0.0788616463542,IMG/image498.jpg
0.490962207317,0.0772366896272,IMG/image499.jpg
0.490962207317,0.0772366896272,IMG/image500.jpg
0.490962207317,0.0772366896272,IMG/image501.jpg
0.492928206921,0.0,IMG/image502.jpg
0.492928206921,0.0,IMG/image503.jpg
0.492928206921,0.0,IMG/image504.jpg
0.485006272793,-0.0440758578479,IMG/image505.jpg
0.485006272793,-0.0440758578479,IMG/image506.jpg
0.485006272793,-0.0440758578479,IMG/image507.jpg
0.485006272793,-0.0440758578479,IMG/image508.jpg
0.485006272793,-0.0440758578479,IMG/image509.jpg
0.485006272793,-0.0440758578479,IMG/image510.jpg
0.483020961285,-0.130770325661,IMG/image511.jpg
0.483020961285,-0.130770325661,IMG/image512.jpg
0.483020961285,-0.184900075197,IMG/image513.jpg
0.481035619974,-0.120846875012,IMG/image514.jpg
0.481035619974,-0.120846875012,IMG/image515.jpg
0.481035619974,-0.0550379231572,IMG/image516.jpg
0.481035619974,-0.0470775850117,IMG/image517.jpg
0.481035619974,-0.0470775850117,IMG/image518.jpg
0.481035619974,0.0,IMG/image519.jpg
0.481035619974,0.0,IMG/image520.jpg
0.481035619974,0.0,IMG/image521.jpg
0.481035619974,0.0,IMG/image522.jpg
0.481035619974,0.0,IMG/image523.jpg
0.481035619974,0.0,IMG/image524.jpg
0.481035619974,0.0,IMG/image525.jpg
0.481035619974,0.0,IMG/image526.jpg
0.481035619974,0.0,IMG/image527.jpg
0.481035619974,0.0,IMG/image528.jpg
0.481035619974,0.0,IMG/image529.jpg
0.481035619974,0.0,IMG/image530.jpg
0.479050338268,0.0,IMG/image531.jpg
0.479050338268,0.0,IMG/image532.jpg
0.479050338268,0.0,IMG/image533.jpg
0.481035619974,0.0,IMG/image534.jpg
0.481035619974,-0.0258811414242,IMG/image535.jpg
0.481035619974,-0.0258811414242,IMG/image536.jpg
0.481035619974,-0.0258811414242,IMG/image537.jpg
0.481035619974,-0.0258811414242,IMG/image538.jpg
0.481035619974,-0.0258811414242,IMG/image539.jpg
0.481035619974,-0.0258811414242,IMG/image540.jpg
0.479050338268,-0.0446231216192,IMG/image541.jpg
0.479050338268,-0.0446231216192,IMG/image542.jpg
0.481035619974,-0.0629666820168,IMG/image543.jpg
0.481035619974,-0.078799456358,IMG/image544.jpg
0.481035619974,-0.078799456358,IMG/image545.jpg
0.481035619974,-0.0867260396481,IMG/image546.jpg
0.479050338268,-0.102918401361,IMG/image547.jpg
0.479050338268,-0.102918401361,IMG/image548.jpg
0.479050338268,-0.116107553244,IMG/image549.jpg
0.473113656044,-0.122850231826,IMG/image550.jpg
0.473113656044,-0.122850231826,IMG/image551.jpg
0.467157721519,-0.127105146646,IMG/image552.jpg
0.467157721519,-0.127105146646,IMG/image553.jpg
0.467157721519,-0.127105146646,IMG/image554.jpg
0.467157721519,-0.127105146646,IMG/image555.jpg
0.467157721519,-0.127105146646,IMG/image556.jpg
0.467157721519,-0.127105146646,IMG/image557.jpg
0.467157721519,-0.127105146646,IMG/image558.jpg
0.467157721519,-0.127105146646,IMG/image559.jpg
0.467157721519,-0.127105146646,IMG/image560.jpg
0.467157721519,-0.127105146646,IMG/image561.jpg
0.467157721519,-0.127105146646,IMG/image562.jpg
0.467157721519,-0.127105146646,IMG/image563.jpg
0.467157721519,-0.127105146646,IMG/image564.jpg
0.465172439814,-0.0705764442682,IMG/image565.jpg
0.465172439814,-0.0705764442682,IMG/image566.jpg
0.467157721519,-0.062095221132,IMG/image567.jpg
0.467157721519,-0.062095221132,IMG/image568.jpg
0.467157721519,-0.062095221132,IMG/image569.jpg
0.467157721519,-0.062095221132,IMG/image570.jpg
0.467157721519,-0.062095221132,IMG/image571.jpg
0.467157721519,-0.062095221132,IMG/image572.jpg
0.467157721519,-0.062095221132,IMG/image573.jpg
0.467157721519,-0.062095221132,IMG/image574.jpg
0.467157721519,-0.062095221132,IMG/image575.jpg
0.467157721519,-0.062095221132,IMG/image576.jpg
0.467157721519,-0.062095221132,IMG/image577.jpg
0.467157721519,-0.062095221132,IMG/image578.jpg
0.467157721519,-0.062095221132,IMG/image579.jpg
0.467157721519,-0.062095221132,IMG/image580.jpg
0.467157721519,-0.062095221132,IMG/image581.jpg
0.467157721519,-0.062095221132,IMG/image582.jpg
0.465172439814,-0.0541597045958,IMG/image583.jpg
0.465172439814,-0.0459525585175,IMG/image584.jpg
0.467157721519,0.0,IMG/image585.jpg
0.467157721519,0.0,IMG/image586.jpg
0.467157721519,0.0,IMG/image587.jpg
0.46914306283,0.0,IMG/image588.jpg
0.481035619974,0.0,IMG/image589.jpg
0.490962207317,0.0,IMG/image590.jpg
0.490962207317,0.0,IMG/image591.jpg
0.490962207317,0.0,IMG/image592.jpg
0.492928206921,0.0588805899024,IMG/image593.jpg
0.492928206921,0.0588805899024,IMG/image594.jpg
0.492928206921,0.0433684028685,IMG/image595.jpg
0.492928206921,0.0433684028685,IMG/image596.jpg
0.492928206921,0.0278353020549,IMG/image597.jpg
0.492928206921,0.0278353020549,IMG/image598.jpg
0.492928206921,0.0,IMG/image599.jpg
0.492928206921,0.0,IMG/image600.jpg
0.492928206921,0.0,IMG/image601.jpg
0.492928206921,0.0,IMG/image602.jpg
0.492928206921,0.0,IMG/image603.jpg
0.492928206921,0.0,IMG/image604.jpg
0.492928206921,0.0,IMG/image605.jpg
0.492928206921,0.0,IMG/image606.jpg
0.492928206921,0.0,IMG/image607.jpg
0.494913518429,0.0,IMG/image608.jpg
0.494913518429,0.0,IMG/image609.jpg
0.494913518429,0.0,IMG/image610.jpg
0.494913518429,0.0,IMG/image611.jpg
0.494913518429,0.0,IMG/image612.jpg
0.492928206921,-0.00194474018645,IMG/image613.jpg
0.492928206921,-0.00194474018645,IMG/image614.jpg
0.492928206921,-0.00194474018645,IMG/image615.jpg
0.492928206921,-0.00194474018645,IMG/image616.jpg
0.490962207317,-0.184503316879,IMG/image617.jpg
0.490962207317,-0.13124935329,IMG/image618.jpg
0.490962207317,-0.13124935329,IMG/image619.jpg
0.492928206921,-0.0537126399577,IMG/image620.jpg
0.486991554499,-0.0465026572347,IMG/image621.jpg
0.486991554499,-0.0465026572347,IMG/image622.jpg
0.486991554499,-0.0465026572347,IMG/image623.jpg
0.486991554499,-0.0465026572347,IMG/image624.jpg
0.486991554499,-0.0465026572347,IMG/image625.jpg
0.486991554499,-0.0465026572347,IMG/image626.jpg
0.485006272793,-0.0388158634305,IMG/image627.jpg
0.485006272793,-0.0388158634305,IMG/image628.jpg
0.485006272793,-0.0388158634305,IMG/image629.jpg
0.485006272793,-0.0388158634305,IMG/image630.jpg
0.485006272793,-0.0388158634305,IMG/image631.jpg
0.485006272793,-0.0414339154959,IMG/image632.jpg
0.485006272793,-0.0414339154959,IMG/image633.jpg
0.485006272793,-0.0414339154959,IMG/image634.jpg
0.485006272793,-0.0414339154959,IMG/image635.jpg
0.485006272793,-0.0414339154959,IMG/image636.jpg
0.485006272793,-0.0414339154959,IMG/image637.jpg
0.485006272793,-0.0414339154959,IMG/image638.jpg
0.485006272793,-0.0414339154959,IMG/image639.jpg
0.485006272793,-0.0414339154959,IMG/image640.jpg
0.485006272793,-0.0414339154959,IMG/image641.jpg
0.485006272793,-0.0414339154959,IMG/image642.jpg
0.447323948145,-0.0449197739363,IMG/image643.jpg
0.314462393522,-0.0679191499949,IMG/image644.jpg
0.3085257411,-0.0692219212651,IMG/image645.jpg
0.3085257411,-0.0692219212651,IMG/image646.jpg
0.270843416452,-0.078815318644,IMG/image647.jpg
0.270843416452,-0.078815318644,IMG/image648.jpg
0.270843416452,-0.078815318644,IMG/image649.jpg
0.270843416452,-0.078815318644,IMG/image650.jpg
0.270843416452,-0.078815318644,IMG/image651.jpg
0.270843416452,-0.078815318644,IMG/image652.jpg
0.266872793436,0.0,IMG/image653.jpg
0.266872793436,0.0,IMG/image654.jpg
0.266872793436,0.0,IMG/image655.jpg
0.306540429592,0.0,IMG/image656.jpg
0.306540429592,0.0,IMG/image657.jpg
0.371978551149,0.0,IMG/image658.jpg
0.421553462744,0.0,IMG/image659.jpg
0.421553462744,0.0,IMG/image660.jpg
0.42353874445,0.172398269176,IMG/image661.jpg
0.42353874445,0.172398269176,IMG/image662.jpg
0.42353874445,0.172398269176,IMG/image663.jpg
0.425504803658,0.127595245838,IMG/image664.jpg
0.425504803658,0.127595245838,IMG/image665.jpg
0.425504803658,0.127595245838,IMG/image666.jpg
0.425504803658,0.109858460724,IMG/image667.jpg
0.425504803658,0.109858460724,IMG/image668.jpg
0.425504803658,0.109858460724,IMG/image669.jpg
0.42353874445,0.107369177043,IMG/image670.jpg
0.42353874445,0.107369177043,IMG/image671.jpg
0.42353874445,0.107369177043,IMG/image672.jpg
0.42353874445,0.107369177043,IMG/image673.jpg
0.425504803658,0.115760616958,IMG/image674.jpg
0.425504803658,0.115760616958,IMG/image675.jpg
0.443353295326,0.111139409244,IMG/image676.jpg
0.443353295326,0.111139409244,IMG/image677.jpg
0.443353295326,0.111139409244,IMG/image678.jpg
0.443353295326,0.12818479538,IMG/image679.jpg
0.443353295326,0.12818479538,IMG/image680.jpg
0.443353295326,0.12818479538,IMG/image681.jpg
0.443353295326,0.136666938663,IMG/image682.jpg
0.443353295326,0.153597071767,IMG/image683.jpg
0.443353295326,0.153597071767,IMG/image684.jpg
0.445338606834,0.213898852468,IMG/image685.jpg
0.447323948145,0.231986403465,IMG/image686.jpg
0.447323948145,0.231986403465,IMG/image687.jpg
0.453279852867,0.245000228286,IMG/image688.jpg
0.459216505289,0.247194483876,IMG/image689.jpg
0.459216505289,0.247194483876,IMG/image690.jpg
0.459216505289,0.247194483876,IMG/image691.jpg
0.465172439814,0.24672716856,IMG/image692.jpg
0.465172439814,0.24672716856,IMG/image693.jpg
0.465172439814,0.24672716856,IMG/image694.jpg
0.465172439814,0.24672716856,IMG/image695.jpg
0.465172439814,0.24672716856,IMG/image696.jpg
0.465172439814,0.24672716856,IMG/image697.jpg
0.471128374338,0.243730872869,IMG/image698.jpg
0.471128374338,0.243730872869,IMG/image699.jpg
0.471128374338,0.243730872869,IMG/image700.jpg
0.471128374338,0.243730872869,IMG/image701.jpg
0.471128374338,0.243730872869,IMG/image702.jpg
0.471128374338,0.243730872869,IMG/image703.jpg
0.471128374338,0.243730872869,IMG/image704.jpg
0.471128374338,0.243730872869,IMG/image705.jpg
0.471128374338,0.126045271754,IMG/image706.jpg
0.451294541359,0.125953167677,IMG/image707.jpg
0.451294541359,0.125953167677,IMG/image708.jpg
0.451294541359,0.125953167677,IMG/image709.jpg
0.451294541359,0.125953167677,IMG/image710.jpg
0.451294541359,0.125953167677,IMG/image711.jpg
0.451294541359,0.125953167677,IMG/image712.jpg
0.451294541359,0.125953167677,IMG/image713.jpg
0.451294541359,0.125953167677,IMG/image714.jpg
0.451294541359,0.21115963161,IMG/image715.jpg
0.453279852867,0.30244114995,IMG/image716.jpg
0.453279852867,0.30244114995,IMG/image717.jpg
0.455265164375,0.324057906866,IMG/image718.jpg
0.455265164375,0.324057906866,IMG/image719.jpg
0.455265164375,0.324057906866,IMG/image720.jpg
0.455265164375,0.324057906866,IMG/image721.jpg
0.455265164375,0.324057906866,IMG/image722.jpg
0.455265164375,0.324057906866,IMG/image723.jpg
0.481035619974,0.310199856758,IMG/image724.jpg
0.481035619974,0.310199856758,IMG/image725.jpg
0.481035619974,0.310199856758,IMG/image726.jpg
0.481035619974,0.253890931606,IMG/image727.jpg
0.481035619974,0.253890931606,IMG/image728.jpg
0.481035619974,0.133925840259,IMG/image729.jpg
0.473113656044,0.130835145712,IMG/image730.jpg
0.473113656044,0.130835145712,IMG/image731.jpg
0.473113656044,0.130835145712,IMG/image732.jpg
0.443353295326,0.131031870842,IMG/image733.jpg
0.443353295326,0.131031870842,IMG/image734.jpg
0.441387295723,0.123051024973,IMG/image735.jpg
0.439401954412,0.211145937443,IMG/image736.jpg
0.439401954412,0.211145937443,IMG/image737.jpg
0.439401954412,0.219458669424,IMG/image738.jpg
0.439401954412,0.219458669424,IMG/image739.jpg
0.439401954412,0.219458669424,IMG/image740.jpg
0.439401954412,0.219458669424,IMG/image741.jpg
0.439401954412,0.219458669424,IMG/image742.jpg
0.439401954412,0.219458669424,IMG/image743.jpg
0.439401954412,0.219458669424,IMG/image744.jpg
0.439401954412,0.219458669424,IMG/image745.jpg
0.441387295723,0.125914528966,IMG/image746.jpg
0.425504803658,0.127595245838,IMG/image747.jpg
0.403704941273,0.131309643388,IMG/image748.jpg
0.403704941273,0.131309643388,IMG/image749.jpg
0.403704941273,0.131309643388,IMG/image750.jpg
0.403704941273,0.131309643388,IMG/image751.jpg
0.403704941273,0.131309643388,IMG/image752.jpg
0.403704941273,0.131309643388,IMG/image753.jpg
0.405690252781,0.139936774969,IMG/image754.jpg
0.405690252781,0.139936774969,IMG/image755.jpg
0.405690252781,0.139936774969,IMG/image756.jpg
0.405690252781,0.139936774969,IMG/image757.jpg
0.405690252781,0.139936774969,IMG/image758.jpg
0.405690252781,0.139936774969,IMG/image759.jpg
0.413612216711,0.182433083653,IMG/image760.jpg
0.413612216711,0.182433083653,IMG/image761.jpg
0.419568151236,0.258130759001,IMG/image762.jpg
0.43146070838,0.345844656229,IMG/image763.jpg
0.43146070838,0.345844656229,IMG/image764.jpg
0.441387295723,0.371719747782,IMG/image765.jpg
0.439401954412,0.38828548789,IMG/image766.jpg
0.439401954412,0.38828548789,IMG/image767.jpg
0.441387295723,0.425763458014,IMG/image768.jpg
0.441387295723,0.403954893351,IMG/image769.jpg
0.441387295723,0.403954893351,IMG/image770.jpg
0.441387295723,0.403954893351,IMG/image771.jpg
0.441387295723,0.401493281126,IMG/image772.jpg
0.441387295723,0.401493281126,IMG/image773.jpg
0.439401954412,0.38828548789,IMG/image774.jpg
0.439401954412,0.368195354939,IMG/image775.jpg
0.439401954412,0.368195354939,IMG/image776.jpg
0.441387295723,0.137268081307,IMG/image777.jpg
0.441387295723,0.128749474883,IMG/image778.jpg
0.441387295723,0.128749474883,IMG/image779.jpg
0.441387295723,0.128749474883,IMG/image780.jpg
0.441387295723,0.128749474883,IMG/image781.jpg
0.441387295723,0.128749474883,IMG/image782.jpg
0.441387295723,0.157082572579,IMG/image783.jpg
0.441387295723,0.27826911211,IMG/image784.jpg
0.441387295723,0.27826911211,IMG/image785.jpg
0.441387295723,0.27826911211,IMG/image786.jpg
0.441387295723,0.27826911211,IMG/image787.jpg
0.441387295723,0.27826911211,IMG/image788.jpg
0.441387295723,0.27826911211,IMG/image789.jpg
0.441387295723,0.27826911211,IMG/image790.jpg
0.441387295723,0.27826911211,IMG/image791.jpg
0.441387295723,0.27826911211,IMG/image792.jpg
0.441387295723,0.27826911211,IMG/image793.jpg
0.441387295723,0.27826911211,IMG/image794.jpg
0.441387295723,0.27826911211,IMG/image795.jpg
0.443353295326,0.282422065735,IMG/image796.jpg
0.443353295326,0.282422065735,IMG/image797.jpg
0.445338606834,0.278590649366,IMG/image798.jpg
0.445338606834,0.278590649366,IMG/image799.jpg
0.445338606834,0.278590649366,IMG/image800.jpg
0.459216505289,0.270582199097,IMG/image801.jpg
0.459216505289,0.270582199097,IMG/image802.jpg
0.459216505289,0.270582199097,IMG/image803.jpg
0.471128374338,0.264058232307,IMG/image804.jpg
0.471128374338,0.264058232307,IMG/image805.jpg
0.471128374338,0.264058232307,IMG/image806.jpg
0.471128374338,0.264058232307,IMG/image807.jpg
0.471128374338,0.264058232307,IMG/image808.jpg
0.471128374338,0.264058232307,IMG/image809.jpg
0.473113656044,0.270528167486,IMG/image810.jpg
0.481035619974,0.329349368811,IMG/image811.jpg
0.481035619974,0.329349368811,IMG/image812.jpg
0.481035619974,0.329349368811,IMG/image813.jpg
0.481035619974,0.329349368811,IMG/image814.jpg
0.481035619974,0.326957911253,IMG/image815.jpg
0.483020961285,0.337520897388,IMG/image816.jpg
0.483020961285,0.337520897388,IMG/image817.jpg
0.483020961285,0.337520897388,IMG/image818.jpg
0.483020961285,0.337520897388,IMG/image819.jpg
0.483020961285,0.337520897388,IMG/image820.jpg
0.483020961285,0.337520897388,IMG/image821.jpg
0.483020961285,0.337520897388,IMG/image822.jpg
0.483020961285,0.337520897388,IMG/image823.jpg
0.483020961285,0.337520897388,IMG/image824.jpg
0.483020961285,0.337520897388,IMG/image825.jpg
0.483020961285,0.337520897388,IMG/image826.jpg
0.483020961285,0.337520897388,IMG/image827.jpg
0.483020961285,0.337520897388,IMG/image828.jpg
0.483020961285,0.337520897388,IMG/image829.jpg
0.483020961285,0.309004634619,IMG/image830.jpg
0.441387295723,0.12021202594,IMG/image831.jpg
0.441387295723,0.12021202594,IMG/image832.jpg
0.43146070838,0.120018698275,IMG/image833.jpg
0.407675564289,0.123877160251,IMG/image834.jpg
0.407675564289,0.123877160251,IMG/image835.jpg
0.407675564289,0.123877160251,IMG/image836.jpg
0.407675564289,0.123877160251,IMG/image837.jpg
0.407675564289,0.123877160251,IMG/image838.jpg
0.403704941273,0.0718531385064,IMG/image839.jpg
0.403704941273,0.0686890110373,IMG/image840.jpg
0.403704941273,0.0686890110373,IMG/image841.jpg
0.403704941273,0.0686890110373,IMG/image842.jpg
0.403704941273,0.0686890110373,IMG/image843.jpg
0.403704941273,0.0686890110373,IMG/image844.jpg
0.403704941273,0.0686890110373,IMG/image845.jpg
0.403704941273,0.0686890110373,IMG/image846.jpg
0.403704941273,0.0686890110373,IMG/image847.jpg
0.403704941273,0.0686890110373,IMG/image848.jpg
0.38784173131,0.0550979152322,IMG/image849.jpg
0.38784173131,0.0550979152322,IMG/image850.jpg
0.38784173131,0.0,IMG/image851.jpg
0.38784173131,0.0,IMG/image852.jpg
0.38784173131,0.0,IMG/image853.jpg
0.38784173131,-0.117165014148,IMG/image854.jpg
0.38784173131,-0.152730032802,IMG/image855.jpg
0.38784173131,-0.152730032802,IMG/image856.jpg
0.385856449604,-0.169617265463,IMG/image857.jpg
0.385856449604,-0.229992106557,IMG/image858.jpg
0.385856449604,-0.229992106557,IMG/image859.jpg
0.385856449604,-0.315854847431,IMG/image860.jpg
0.385856449604,-0.315854847431,IMG/image861.jpg
0.385856449604,-0.0685757920146,IMG/image862.jpg
0.385856449604,-0.0586662106216,IMG/image863.jpg
0.385856449604,0.0,IMG/image864.jpg
0.385856449604,0.0,IMG/image865.jpg
0.38784173131,0.0,IMG/image866.jpg
0.399734318256,0.0,IMG/image867.jpg
0.399734318256,0.0,IMG/image868.jpg
0.441387295723,0.0,IMG/image869.jpg
0.481035619974,0.0,IMG/image870.jpg
0.481035619974,0.0,IMG/image871.jpg
0.508791387081,0.0,IMG/image872.jpg
0.508791387081,0.0,IMG/image873.jpg
0.54845905304,0.0,IMG/image874.jpg
0.574229538441,0.0,IMG/image875.jpg
0.592078030109,0.0,IMG/image876.jpg
0.592078030109,0.0,IMG/image877.jpg
0.592078030109,0.0,IMG/image878.jpg
0.592078030109,0.0,IMG/image879.jpg
0.592078030109,0.0,IMG/image880.jpg
0.598033964634,0.0,IMG/image881.jpg
0.598033964634,0.0,IMG/image882.jpg
0.598033964634,0.0,IMG/image883.jpg
0.596048653126,0.0,IMG/image884.jpg
0.596048653126,0.0,IMG/image885.jpg
0.596048653126,0.0,IMG/image886.jpg
0.588126659393,0.00162995106075,IMG/image887.jpg
0.588126659393,0.00162995106075,IMG/image888.jpg
0.588126659393,0.00162995106075,IMG/image889.jpg
0.588126659393,0.00162995106075,IMG/image890.jpg
0.588126659393,0.00162995106075,IMG/image891.jpg
0.588126659393,0.00162995106075,IMG/image892.jpg
0.588126659393,0.00162995106075,IMG/image893.jpg
0.588126659393,0.00162995106075,IMG/image894.jpg
0.588126659393,0.00162995106075,IMG/image895.jpg
0.590092718601,0.00811034534127,IMG/image896.jpg
0.588126659393,0.120465867221,IMG/image897.jpg
0.588126659393,0.120465867221,IMG/image898.jpg
0.568292915821,0.126830294728,IMG/image899.jpg
0.546473741531,0.0902941301465,IMG/image900.jpg
0.546473741531,0.0902941301465,IMG/image901.jpg
0.546473741531,0.0577630214393,IMG/image902.jpg
0.546473741531,0.0577630214393,IMG/image903.jpg
0.546473741531,0.0577630214393,IMG/image904.jpg
0.485006272793,0.0,IMG/image905.jpg
0.447323948145,-0.104513555765,IMG/image906.jpg
0.447323948145,-0.104513555765,IMG/image907.jpg
0.447323948145,-0.104513555765,IMG/image908.jpg
0.445338606834,-0.059439599514,IMG/image909.jpg
0.445338606834,-0.059439599514,IMG/image910.jpg
0.445338606834,0.0,IMG/image911.jpg
0.445338606834,0.0,IMG/image912.jpg
0.445338606834,0.0,IMG/image913.jpg
0.445338606834,0.0,IMG/image914.jpg
0.445338606834,0.00500836595893,IMG/image915.jpg
0.445338606834,0.00500836595893,IMG/image916.jpg
0.445338606834,0.169693633914,IMG/image917.jpg
0.445338606834,0.169693633914,IMG/image918.jpg
0.445338606834,0.127619549632,IMG/image919.jpg
0.445338606834,0.11064799875,IMG/image920.jpg
0.445338606834,0.11064799875,IMG/image921.jpg
0.445338606834,0.11064799875,IMG/image922.jpg
0.445338606834,0.070841036737,IMG/image923.jpg
0.445338606834,0.070841036737,IMG/image924.jpg
0.445338606834,0.0,IMG/image925.jpg
0.445338606834,0.0,IMG/image926.jpg
0.445338606834,0.0,IMG/image927.jpg
0.445338606834,-0.0651291459799,IMG/image928.jpg
0.445338606834,-0.0565667562187,IMG/image929.jpg
0.445338606834,-0.0565667562187,IMG/image930.jpg
0.445338606834,0.0,IMG/image931.jpg
0.445338606834,0.0,IMG/image932.jpg
0.445338606834,0.0,IMG/image933.jpg
0.445338606834,0.0,IMG/image934.jpg
0.445338606834,0.0,IMG/image935.jpg
0.445338606834,0.0,IMG/image936.jpg
0.445338606834,0.0,IMG/image937.jpg
0.445338606834,0.0,IMG/image938.jpg
0.445338606834,0.0,IMG/image939.jpg
0.447323948145,-0.0306713879108,IMG/image940.jpg
0.447323948145,-0.0392435081303,IMG/image941.jpg
0.447323948145,-0.0392435081303,IMG/image942.jpg
0.447323948145,-0.0392435081303,IMG/image943.jpg
0.447323948145,-0.0392435081303,IMG/image944.jpg
0.447323948145,-0.0392435081303,IMG/image945.jpg
0.447323948145,-0.0392435081303,IMG/image946.jpg
0.447323948145,-0.0392435081303,IMG/image947.jpg
0.447323948145,-0.0392435081303,IMG/image948.jpg
0.447323948145,-0.0392435081303,IMG/image949.jpg
0.447323948145,-0.0392435081303,IMG/image950.jpg
0.447323948145,-0.0392435081303,IMG/image951.jpg
0.447323948145,-0.0392435081303,IMG/image952.jpg
0.485006272793,-0.0388158634305,IMG/image953.jpg
0.485006272793,-0.0388158634305,IMG/image954.jpg
0.485006272793,-0.0388158634305,IMG/image955.jpg
0.485006272793,-0.0388158634305,IMG/image956.jpg
0.485006272793,-0.0388158634305,IMG/image957.jpg
0.485006272793,-0.0388158634305,IMG/image958.jpg
0.485006272793,-0.0388158634305,IMG/image959.jpg
0.485006272793,-0.0388158634305,IMG/image960.jpg
0.485006272793,-0.0388158634305,IMG/image961.jpg
0.485006272793,-0.0388158634305,IMG/image962.jpg
0.485006272793,-0.0388158634305,IMG/image963.jpg
0.485006272793,-0.0388158634305,IMG/image964.jpg
0.485006272793,0.0,IMG/image965.jpg
0.485006272793,0.0,IMG/image966.jpg
0.485006272793,0.0,IMG/image967.jpg
0.485006272793,0.0,IMG/image968.jpg
0.485006272793,0.0,IMG/image969.jpg
0.485006272793,0.0,IMG/image970.jpg
0.485006272793,0.0,IMG/image971.jpg
0.485006272793,0.0,IMG/image972.jpg
0.485006272793,0.0,IMG/image973.jpg
0.485006272793,0.0,IMG/image974.jpg
0.485006272793,0.0,IMG/image975.jpg
0.485006272793,0.0,IMG/image976.jpg
0.485006272793,0.0,IMG/image977.jpg
0.485006272793,0.0,IMG/image978.jpg
0.485006272793,0.0,IMG/image979.jpg
0.485006272793,0.0,IMG/image980.jpg
0.485006272793,0.0,IMG/image981.jpg
0.485006272793,0.0,IMG/image982.jpg
0.485006272793,0.0,IMG/image983.jpg
0.485006272793,0.0,IMG/image984.jpg
0.485006272793,0.0,IMG/image985.jpg
0.485006272793,0.0,IMG/image986.jpg
0.485006272793,0.0,IMG/image987.jpg
0.485006272793,0.0,IMG/image988.jpg
0.485006272793,0.0,IMG/image989.jpg
0.485006272793,0.0,IMG/image990.jpg
0.483020961285,0.0,IMG/image991.jpg
0.483020961285,0.00461764913052,IMG/image992.jpg
0.483020961285,0.00461764913052,IMG/image993.jpg
0.483020961285,0.00461764913052,IMG/image994.jpg
0.483020961285,0.00461764913052,IMG/image995.jpg
0.483020961285,0.00461764913052,IMG/image996.jpg
0.485006272793,0.0493334159255,IMG/image997.jpg
0.485006272793,0.1431568712,IMG/image998.jpg
0.485006272793,0.1431568712,IMG/image999.jpg
0.485006272793,0.148314788938,IMG/image1000.jpg
